{
  "model": "Hall2008",
  "sensors": {
    "FSR2": {
      "ch": 1,
      "V0_mv": 682.3,
      "coeffs": [
        5.39901949,
        1.12307428,
        -0.07194305,
        -0.03149472,
        0.67933776,
        0.95857997,
        0.21330785,
        0.05209999,
        0.0127782
      ],
      "fit": {
        "rmse_N": 5.1607,
        "r2": 0.071231,
        "n": 24,
        "alpha": 3.162278
      }
    },
    "FSR3": {
      "ch": 2,
      "V0_mv": 870.12,
      "coeffs": [
        4.83752704,
        2.35880854,
        1.93750906,
        0.30251708,
        -1.36311208,
        7.09076132,
        2.12127085,
        0.53366861,
        0.13364259
      ],
      "fit": {
        "rmse_N": 5.0101,
        "r2": 0.124645,
        "n": 24,
        "alpha": 0.316228
      }
    }
  }
}